,inference time,train time,add time,acc,#modify,#right
default,3.86128,0.0,0.0,1.0,703,703
Flat,3.80253,1e-05,1.00874,0.96017,678,675
IVFxFlat,3.28365,0.99777,1.14851,0.0,0,0
PQx,3.61544,8.35615,2.98433,0.62731,703,441
IVFxPQy,3.26414,4.35283,1.22339,0.70413,695,495
LSH,3.7397,0.0,0.60988,0.52063,477,366
